Date,TEMPERATURE,City,City_date,month,year,Month_year,mean_daily_temperature
2019-09-01,9.131,Rigaud,Rigaud_2019-09-01,September,2019,September 2019,9.153625
2019-09-02,9.178,Rigaud,Rigaud_2019-09-02,September,2019,September 2019,9.198875
2019-09-03,9.222,Rigaud,Rigaud_2019-09-03,September,2019,September 2019,9.24316666666667
2019-09-04,9.266,Rigaud,Rigaud_2019-09-04,September,2019,September 2019,9.28725
2019-09-05,9.31,Rigaud,Rigaud_2019-09-05,September,2019,September 2019,9.33045833333333
2019-09-06,9.353,Rigaud,Rigaud_2019-09-06,September,2019,September 2019,9.37345833333333
2019-09-07,9.395,Rigaud,Rigaud_2019-09-07,September,2019,September 2019,9.415875
2019-09-08,9.438,Rigaud,Rigaud_2019-09-08,September,2019,September 2019,9.45833333333333
2019-09-09,9.48,Rigaud,Rigaud_2019-09-09,September,2019,September 2019,9.50020833333333
2019-09-10,9.521,Rigaud,Rigaud_2019-09-10,September,2019,September 2019,9.54141666666667
2019-09-11,9.563,Rigaud,Rigaud_2019-09-11,September,2019,September 2019,9.58191666666667
2019-09-12,9.603,Rigaud,Rigaud_2019-09-12,September,2019,September 2019,9.62191666666667
2019-09-13,9.642,Rigaud,Rigaud_2019-09-13,September,2019,September 2019,9.66108333333333
2019-09-14,9.681,Rigaud,Rigaud_2019-09-14,September,2019,September 2019,9.69929166666667
2019-09-15,9.719,Rigaud,Rigaud_2019-09-15,September,2019,September 2019,9.73683333333333
2019-09-16,9.756,Rigaud,Rigaud_2019-09-16,September,2019,September 2019,9.7735
2019-09-17,9.792,Rigaud,Rigaud_2019-09-17,September,2019,September 2019,9.80929166666667
2019-09-18,9.827,Rigaud,Rigaud_2019-09-18,September,2019,September 2019,9.84458333333333
2019-09-19,9.863,Rigaud,Rigaud_2019-09-19,September,2019,September 2019,9.87879166666667
2019-09-20,9.896,Rigaud,Rigaud_2019-09-20,September,2019,September 2019,9.912375
2019-09-21,9.929,Rigaud,Rigaud_2019-09-21,September,2019,September 2019,9.94491666666667
2019-09-22,9.961,Rigaud,Rigaud_2019-09-22,September,2019,September 2019,9.97629166666667
2019-09-23,9.993,Rigaud,Rigaud_2019-09-23,September,2019,September 2019,10.00675
2019-09-24,10.022,Rigaud,Rigaud_2019-09-24,September,2019,September 2019,10.0441818181818
2019-09-25,10.056,Rigaud,Rigaud_2019-09-25,September,2019,September 2019,10.067875
2019-09-26,10.081,Rigaud,Rigaud_2019-09-26,September,2019,September 2019,10.0939583333333
2019-09-27,10.108,Rigaud,Rigaud_2019-09-27,September,2019,September 2019,10.1203333333333
2019-09-28,10.133,Rigaud,Rigaud_2019-09-28,September,2019,September 2019,10.1458333333333
2019-09-29,10.159,Rigaud,Rigaud_2019-09-29,September,2019,September 2019,10.1707083333333
2019-09-30,10.183,Rigaud,Rigaud_2019-09-30,September,2019,September 2019,10.1948333333333
2019-09-01,6.866,Saint-Lazare,Saint-Lazare_2019-09-01,September,2019,September 2019,6.86795833333333
2019-09-02,6.87,Saint-Lazare,Saint-Lazare_2019-09-02,September,2019,September 2019,6.87241666666667
2019-09-03,6.875,Saint-Lazare,Saint-Lazare_2019-09-03,September,2019,September 2019,6.87670833333333
2019-09-04,6.879,Saint-Lazare,Saint-Lazare_2019-09-04,September,2019,September 2019,6.88116666666667
2019-09-05,6.883,Saint-Lazare,Saint-Lazare_2019-09-05,September,2019,September 2019,6.885625
2019-09-06,6.888,Saint-Lazare,Saint-Lazare_2019-09-06,September,2019,September 2019,6.89029166666667
2019-09-07,6.893,Saint-Lazare,Saint-Lazare_2019-09-07,September,2019,September 2019,6.89470833333333
2019-09-08,6.897,Saint-Lazare,Saint-Lazare_2019-09-08,September,2019,September 2019,6.8995
2019-09-09,6.902,Saint-Lazare,Saint-Lazare_2019-09-09,September,2019,September 2019,6.90420833333333
2019-09-10,6.907,Saint-Lazare,Saint-Lazare_2019-09-10,September,2019,September 2019,6.909
2019-09-11,6.912,Saint-Lazare,Saint-Lazare_2019-09-11,September,2019,September 2019,6.91395833333333
2019-09-12,6.917,Saint-Lazare,Saint-Lazare_2019-09-12,September,2019,September 2019,6.91895833333333
2019-09-13,6.921,Saint-Lazare,Saint-Lazare_2019-09-13,September,2019,September 2019,6.923875
2019-09-14,6.926,Saint-Lazare,Saint-Lazare_2019-09-14,September,2019,September 2019,6.929125
2019-09-15,6.932,Saint-Lazare,Saint-Lazare_2019-09-15,September,2019,September 2019,6.93408333333333
2019-09-16,6.937,Saint-Lazare,Saint-Lazare_2019-09-16,September,2019,September 2019,6.93920833333333
2019-09-17,6.942,Saint-Lazare,Saint-Lazare_2019-09-17,September,2019,September 2019,6.944375
2019-09-18,6.947,Saint-Lazare,Saint-Lazare_2019-09-18,September,2019,September 2019,6.949625
2019-09-19,6.952,Saint-Lazare,Saint-Lazare_2019-09-19,September,2019,September 2019,6.95508333333333
2019-09-20,6.957,Saint-Lazare,Saint-Lazare_2019-09-20,September,2019,September 2019,6.96041666666667
2019-09-21,6.963,Saint-Lazare,Saint-Lazare_2019-09-21,September,2019,September 2019,6.96566666666667
2019-09-22,6.969,Saint-Lazare,Saint-Lazare_2019-09-22,September,2019,September 2019,6.971125
2019-09-23,6.974,Saint-Lazare,Saint-Lazare_2019-09-23,September,2019,September 2019,6.97645833333333
2019-09-24,6.979,Saint-Lazare,Saint-Lazare_2019-09-24,September,2019,September 2019,6.98395
2019-09-25,6.986,Saint-Lazare,Saint-Lazare_2019-09-25,September,2019,September 2019,6.98841666666667
2019-09-26,6.991,Saint-Lazare,Saint-Lazare_2019-09-26,September,2019,September 2019,6.9935
2019-09-27,6.996,Saint-Lazare,Saint-Lazare_2019-09-27,September,2019,September 2019,6.99929166666667
2019-09-28,7.002,Saint-Lazare,Saint-Lazare_2019-09-28,September,2019,September 2019,7.005
2019-09-29,7.008,Saint-Lazare,Saint-Lazare_2019-09-29,September,2019,September 2019,7.01070833333333
2019-09-30,7.014,Saint-Lazare,Saint-Lazare_2019-09-30,September,2019,September 2019,7.01625
2019-10-01,10.207,Rigaud,Rigaud_2019-10-01,October,2019,October 2019,10.21825
2019-10-02,10.23,Rigaud,Rigaud_2019-10-02,October,2019,October 2019,10.2410416666667
2019-10-03,10.253,Rigaud,Rigaud_2019-10-03,October,2019,October 2019,10.2634583333333
2019-10-04,10.275,Rigaud,Rigaud_2019-10-04,October,2019,October 2019,10.2862916666667
2019-10-05,10.298,Rigaud,Rigaud_2019-10-05,October,2019,October 2019,10.3084583333333
2019-10-06,10.319,Rigaud,Rigaud_2019-10-06,October,2019,October 2019,10.3302083333333
2019-10-07,10.341,Rigaud,Rigaud_2019-10-07,October,2019,October 2019,10.35175
2019-10-08,10.363,Rigaud,Rigaud_2019-10-08,October,2019,October 2019,10.3725
2019-10-09,10.383,Rigaud,Rigaud_2019-10-09,October,2019,October 2019,10.3925
2019-10-10,10.403,Rigaud,Rigaud_2019-10-10,October,2019,October 2019,10.412
2019-10-11,10.422,Rigaud,Rigaud_2019-10-11,October,2019,October 2019,10.4308333333333
2019-10-12,10.44,Rigaud,Rigaud_2019-10-12,October,2019,October 2019,10.4485833333333
2019-10-13,10.458,Rigaud,Rigaud_2019-10-13,October,2019,October 2019,10.465625
2019-10-14,10.474,Rigaud,Rigaud_2019-10-14,October,2019,October 2019,10.481375
2019-10-15,10.489,Rigaud,Rigaud_2019-10-15,October,2019,October 2019,10.4964166666667
2019-10-16,10.503,Rigaud,Rigaud_2019-10-16,October,2019,October 2019,10.510125
2019-10-17,10.517,Rigaud,Rigaud_2019-10-17,October,2019,October 2019,10.5206666666667
2019-10-18,10.522,Rigaud,Rigaud_2019-10-18,October,2019,October 2019,10.526875
2019-10-19,10.533,Rigaud,Rigaud_2019-10-19,October,2019,October 2019,10.5407916666667
2019-10-20,10.55,Rigaud,Rigaud_2019-10-20,October,2019,October 2019,10.5580416666667
2019-10-21,10.567,Rigaud,Rigaud_2019-10-21,October,2019,October 2019,10.5752916666667
2019-10-22,10.584,Rigaud,Rigaud_2019-10-22,October,2019,October 2019,10.5911666666667
2019-10-23,10.599,Rigaud,Rigaud_2019-10-23,October,2019,October 2019,10.6123181818182
2019-10-24,10.622,Rigaud,Rigaud_2019-10-24,October,2019,October 2019,10.6310833333333
2019-10-25,10.641,Rigaud,Rigaud_2019-10-25,October,2019,October 2019,10.6493333333333
2019-10-26,10.658,Rigaud,Rigaud_2019-10-26,October,2019,October 2019,10.6667916666667
2019-10-27,10.675,Rigaud,Rigaud_2019-10-27,October,2019,October 2019,10.6823043478261
2019-10-28,10.696,Rigaud,Rigaud_2019-10-28,October,2019,October 2019,10.7144166666667
2019-10-29,10.73,Rigaud,Rigaud_2019-10-29,October,2019,October 2019,10.740875
2019-10-30,10.752,Rigaud,Rigaud_2019-10-30,October,2019,October 2019,10.7609166666667
2019-10-31,10.77,Rigaud,Rigaud_2019-10-31,October,2019,October 2019,10.779347826087
2019-10-01,7.02,Saint-Lazare,Saint-Lazare_2019-10-01,October,2019,October 2019,7.022
2019-10-02,7.024,Saint-Lazare,Saint-Lazare_2019-10-02,October,2019,October 2019,7.02754166666667
2019-10-03,7.031,Saint-Lazare,Saint-Lazare_2019-10-03,October,2019,October 2019,7.03345833333333
2019-10-04,7.037,Saint-Lazare,Saint-Lazare_2019-10-04,October,2019,October 2019,7.03908333333333
2019-10-05,7.042,Saint-Lazare,Saint-Lazare_2019-10-05,October,2019,October 2019,7.04475
2019-10-06,7.048,Saint-Lazare,Saint-Lazare_2019-10-06,October,2019,October 2019,7.05041666666667
2019-10-07,7.053,Saint-Lazare,Saint-Lazare_2019-10-07,October,2019,October 2019,7.056
2019-10-08,7.059,Saint-Lazare,Saint-Lazare_2019-10-08,October,2019,October 2019,7.06179166666667
2019-10-09,7.065,Saint-Lazare,Saint-Lazare_2019-10-09,October,2019,October 2019,7.06745833333333
2019-10-10,7.071,Saint-Lazare,Saint-Lazare_2019-10-10,October,2019,October 2019,7.07308333333333
2019-10-11,7.077,Saint-Lazare,Saint-Lazare_2019-10-11,October,2019,October 2019,7.079
2019-10-12,7.082,Saint-Lazare,Saint-Lazare_2019-10-12,October,2019,October 2019,7.0845
2019-10-13,7.087,Saint-Lazare,Saint-Lazare_2019-10-13,October,2019,October 2019,7.09033333333333
2019-10-14,7.093,Saint-Lazare,Saint-Lazare_2019-10-14,October,2019,October 2019,7.09595833333333
2019-10-15,7.098,Saint-Lazare,Saint-Lazare_2019-10-15,October,2019,October 2019,7.10154166666667
2019-10-16,7.104,Saint-Lazare,Saint-Lazare_2019-10-16,October,2019,October 2019,7.107375
2019-10-17,7.11,Saint-Lazare,Saint-Lazare_2019-10-17,October,2019,October 2019,7.11279166666667
2019-10-18,7.116,Saint-Lazare,Saint-Lazare_2019-10-18,October,2019,October 2019,7.11845833333333
2019-10-19,7.121,Saint-Lazare,Saint-Lazare_2019-10-19,October,2019,October 2019,7.123875
2019-10-20,7.127,Saint-Lazare,Saint-Lazare_2019-10-20,October,2019,October 2019,7.12945833333333
2019-10-21,7.133,Saint-Lazare,Saint-Lazare_2019-10-21,October,2019,October 2019,7.135125
2019-10-22,7.138,Saint-Lazare,Saint-Lazare_2019-10-22,October,2019,October 2019,7.14066666666667
2019-10-23,7.144,Saint-Lazare,Saint-Lazare_2019-10-23,October,2019,October 2019,7.14733333333333
2019-10-24,7.149,Saint-Lazare,Saint-Lazare_2019-10-24,October,2019,October 2019,7.15129166666667
2019-10-25,7.154,Saint-Lazare,Saint-Lazare_2019-10-25,October,2019,October 2019,7.15720833333333
2019-10-26,7.16,Saint-Lazare,Saint-Lazare_2019-10-26,October,2019,October 2019,7.162875
2019-10-27,7.166,Saint-Lazare,Saint-Lazare_2019-10-27,October,2019,October 2019,7.16854166666667
2019-10-28,7.171,Saint-Lazare,Saint-Lazare_2019-10-28,October,2019,October 2019,7.17391666666667
2019-10-29,7.177,Saint-Lazare,Saint-Lazare_2019-10-29,October,2019,October 2019,7.17941666666667
2019-10-30,7.183,Saint-Lazare,Saint-Lazare_2019-10-30,October,2019,October 2019,7.18491666666667
2019-10-31,7.188,Saint-Lazare,Saint-Lazare_2019-10-31,October,2019,October 2019,7.19242857142857
2019-11-01,10.789,Rigaud,Rigaud_2019-11-01,November,2019,November 2019,10.8150416666667
2019-11-02,10.834,Rigaud,Rigaud_2019-11-02,November,2019,November 2019,10.843875
2019-11-03,10.852,Rigaud,Rigaud_2019-11-03,November,2019,November 2019,10.856375
2019-11-04,10.859,Rigaud,Rigaud_2019-11-04,November,2019,November 2019,10.8610416666667
2019-11-05,10.862,Rigaud,Rigaud_2019-11-05,November,2019,November 2019,10.8635833333333
2019-11-06,10.865,Rigaud,Rigaud_2019-11-06,November,2019,November 2019,10.865
2019-11-07,10.865,Rigaud,Rigaud_2019-11-07,November,2019,November 2019,10.86375
2019-11-08,10.863,Rigaud,Rigaud_2019-11-08,November,2019,November 2019,10.8601666666667
2019-11-09,10.857,Rigaud,Rigaud_2019-11-09,November,2019,November 2019,10.8540416666667
2019-11-10,10.85,Rigaud,Rigaud_2019-11-10,November,2019,November 2019,10.84575
2019-11-11,10.84,Rigaud,Rigaud_2019-11-11,November,2019,November 2019,10.83425
2019-11-12,10.829,Rigaud,Rigaud_2019-11-12,November,2019,November 2019,10.821375
2019-11-13,10.813,Rigaud,Rigaud_2019-11-13,November,2019,November 2019,10.8035
2019-11-14,10.793,Rigaud,Rigaud_2019-11-14,November,2019,November 2019,10.7845833333333
2019-11-15,10.775,Rigaud,Rigaud_2019-11-15,November,2019,November 2019,10.7623333333333
2019-11-16,10.747,Rigaud,Rigaud_2019-11-16,November,2019,November 2019,10.7384166666667
2019-11-17,10.728,Rigaud,Rigaud_2019-11-17,November,2019,November 2019,10.71675
2019-11-18,10.705,Rigaud,Rigaud_2019-11-18,November,2019,November 2019,10.6937083333333
2019-11-19,10.682,Rigaud,Rigaud_2019-11-19,November,2019,November 2019,10.6700416666667
2019-11-20,10.657,Rigaud,Rigaud_2019-11-20,November,2019,November 2019,10.6463333333333
2019-11-21,10.626,Rigaud,Rigaud_2019-11-21,November,2019,November 2019,10.612625
2019-11-22,10.597,Rigaud,Rigaud_2019-11-22,November,2019,November 2019,10.584
2019-11-23,10.57,Rigaud,Rigaud_2019-11-23,November,2019,November 2019,10.5542083333333
2019-11-24,10.537,Rigaud,Rigaud_2019-11-24,November,2019,November 2019,10.5234583333333
2019-11-25,10.511,Rigaud,Rigaud_2019-11-25,November,2019,November 2019,10.4979583333333
2019-11-26,10.485,Rigaud,Rigaud_2019-11-26,November,2019,November 2019,10.4701666666667
2019-11-27,10.454,Rigaud,Rigaud_2019-11-27,November,2019,November 2019,10.437625
2019-11-28,10.416,Rigaud,Rigaud_2019-11-28,November,2019,November 2019,10.39
2019-11-29,10.365,Rigaud,Rigaud_2019-11-29,November,2019,November 2019,10.3465833333333
2019-11-30,10.325,Rigaud,Rigaud_2019-11-30,November,2019,November 2019,10.3080416666667
2019-11-01,7.195,Saint-Lazare,Saint-Lazare_2019-11-01,November,2019,November 2019,7.196625
2019-11-02,7.199,Saint-Lazare,Saint-Lazare_2019-11-02,November,2019,November 2019,7.20141666666667
2019-11-03,7.204,Saint-Lazare,Saint-Lazare_2019-11-03,November,2019,November 2019,7.20683333333333
2019-11-04,7.209,Saint-Lazare,Saint-Lazare_2019-11-04,November,2019,November 2019,7.21204166666667
2019-11-05,7.215,Saint-Lazare,Saint-Lazare_2019-11-05,November,2019,November 2019,7.2175
2019-11-06,7.22,Saint-Lazare,Saint-Lazare_2019-11-06,November,2019,November 2019,7.22308333333333
2019-11-07,7.226,Saint-Lazare,Saint-Lazare_2019-11-07,November,2019,November 2019,7.22854166666667
2019-11-08,7.232,Saint-Lazare,Saint-Lazare_2019-11-08,November,2019,November 2019,7.234375
2019-11-09,7.238,Saint-Lazare,Saint-Lazare_2019-11-09,November,2019,November 2019,7.23995833333333
2019-11-10,7.243,Saint-Lazare,Saint-Lazare_2019-11-10,November,2019,November 2019,7.24554166666667
2019-11-11,7.248,Saint-Lazare,Saint-Lazare_2019-11-11,November,2019,November 2019,7.25095833333333
2019-11-12,7.253,Saint-Lazare,Saint-Lazare_2019-11-12,November,2019,November 2019,7.256375
2019-11-13,7.259,Saint-Lazare,Saint-Lazare_2019-11-13,November,2019,November 2019,7.26175
2019-11-14,7.264,Saint-Lazare,Saint-Lazare_2019-11-14,November,2019,November 2019,7.267
2019-11-15,7.27,Saint-Lazare,Saint-Lazare_2019-11-15,November,2019,November 2019,7.27216666666667
2019-11-16,7.274,Saint-Lazare,Saint-Lazare_2019-11-16,November,2019,November 2019,7.277125
2019-11-17,7.28,Saint-Lazare,Saint-Lazare_2019-11-17,November,2019,November 2019,7.28220833333333
2019-11-18,7.285,Saint-Lazare,Saint-Lazare_2019-11-18,November,2019,November 2019,7.28720833333333
2019-11-19,7.29,Saint-Lazare,Saint-Lazare_2019-11-19,November,2019,November 2019,7.292
2019-11-20,7.294,Saint-Lazare,Saint-Lazare_2019-11-20,November,2019,November 2019,7.29552380952381
2019-11-21,7.298,Saint-Lazare,Saint-Lazare_2019-11-21,November,2019,November 2019,7.30054166666667
2019-11-22,7.304,Saint-Lazare,Saint-Lazare_2019-11-22,November,2019,November 2019,7.305875
2019-11-23,7.309,Saint-Lazare,Saint-Lazare_2019-11-23,November,2019,November 2019,7.31041666666667
2019-11-24,7.313,Saint-Lazare,Saint-Lazare_2019-11-24,November,2019,November 2019,7.314625
2019-11-25,7.317,Saint-Lazare,Saint-Lazare_2019-11-25,November,2019,November 2019,7.31891666666667
2019-11-26,7.321,Saint-Lazare,Saint-Lazare_2019-11-26,November,2019,November 2019,7.32320833333333
2019-11-27,7.325,Saint-Lazare,Saint-Lazare_2019-11-27,November,2019,November 2019,7.32691666666667
2019-11-28,7.329,Saint-Lazare,Saint-Lazare_2019-11-28,November,2019,November 2019,7.331
2019-11-29,7.333,Saint-Lazare,Saint-Lazare_2019-11-29,November,2019,November 2019,7.33495833333333
2019-11-30,7.337,Saint-Lazare,Saint-Lazare_2019-11-30,November,2019,November 2019,7.33870833333333
2019-12-01,10.288,Rigaud,Rigaud_2019-12-01,December,2019,December 2019,10.2668333333333
2019-12-02,10.245,Rigaud,Rigaud_2019-12-02,December,2019,December 2019,10.2256666666667
2019-12-03,10.205,Rigaud,Rigaud_2019-12-03,December,2019,December 2019,10.1839166666667
2019-12-04,10.161,Rigaud,Rigaud_2019-12-04,December,2019,December 2019,10.142125
2019-12-05,10.119,Rigaud,Rigaud_2019-12-05,December,2019,December 2019,10.1049166666667
2019-12-06,10.08,Rigaud,Rigaud_2019-12-06,December,2019,December 2019,10.0635833333333
2019-12-07,10.041,Rigaud,Rigaud_2019-12-07,December,2019,December 2019,10.02075
2019-12-08,9.995,Rigaud,Rigaud_2019-12-08,December,2019,December 2019,9.97341666666667
2019-12-09,9.951,Rigaud,Rigaud_2019-12-09,December,2019,December 2019,9.92708333333333
2019-12-10,9.901,Rigaud,Rigaud_2019-12-10,December,2019,December 2019,9.87204166666667
2019-12-11,9.841,Rigaud,Rigaud_2019-12-11,December,2019,December 2019,9.79865217391304
2019-12-12,9.731,Rigaud,Rigaud_2019-12-12,December,2019,December 2019,9.709875
2019-12-13,9.682,Rigaud,Rigaud_2019-12-13,December,2019,December 2019,9.65770833333333
2019-12-14,9.631,Rigaud,Rigaud_2019-12-14,December,2019,December 2019,9.60066666666667
2019-12-15,9.569,Rigaud,Rigaud_2019-12-15,December,2019,December 2019,9.54129166666667
2019-12-16,9.513,Rigaud,Rigaud_2019-12-16,December,2019,December 2019,9.48666666666667
2019-12-17,9.457,Rigaud,Rigaud_2019-12-17,December,2019,December 2019,9.42820833333333
2019-12-18,9.399,Rigaud,Rigaud_2019-12-18,December,2019,December 2019,9.37466666666667
2019-12-19,9.354,Rigaud,Rigaud_2019-12-19,December,2019,December 2019,9.33329166666667
2019-12-20,9.307,Rigaud,Rigaud_2019-12-20,December,2019,December 2019,9.28345833333333
2019-12-21,9.258,Rigaud,Rigaud_2019-12-21,December,2019,December 2019,9.22745833333333
2019-12-22,9.198,Rigaud,Rigaud_2019-12-22,December,2019,December 2019,9.16891666666667
2019-12-23,9.144,Rigaud,Rigaud_2019-12-23,December,2019,December 2019,9.11466666666667
2019-12-24,9.091,Rigaud,Rigaud_2019-12-24,December,2019,December 2019,9.07120833333333
2019-12-25,9.039,Rigaud,Rigaud_2019-12-25,December,2019,December 2019,9.01841666666667
2019-12-26,8.989,Rigaud,Rigaud_2019-12-26,December,2019,December 2019,8.96783333333333
2019-12-27,8.949,Rigaud,Rigaud_2019-12-27,December,2019,December 2019,8.9115
2019-12-28,8.884,Rigaud,Rigaud_2019-12-28,December,2019,December 2019,8.87054166666667
2019-12-29,8.859,Rigaud,Rigaud_2019-12-29,December,2019,December 2019,8.88545833333333
2019-12-30,8.898,Rigaud,Rigaud_2019-12-30,December,2019,December 2019,8.881875
2019-12-31,8.86,Rigaud,Rigaud_2019-12-31,December,2019,December 2019,8.84395652173913
2019-12-01,7.34,Saint-Lazare,Saint-Lazare_2019-12-01,December,2019,December 2019,7.34204166666667
2019-12-02,7.344,Saint-Lazare,Saint-Lazare_2019-12-02,December,2019,December 2019,7.34575
2019-12-03,7.347,Saint-Lazare,Saint-Lazare_2019-12-03,December,2019,December 2019,7.34895833333333
2019-12-04,7.351,Saint-Lazare,Saint-Lazare_2019-12-04,December,2019,December 2019,7.352375
2019-12-05,7.354,Saint-Lazare,Saint-Lazare_2019-12-05,December,2019,December 2019,7.35541666666667
2019-12-06,7.357,Saint-Lazare,Saint-Lazare_2019-12-06,December,2019,December 2019,7.35858333333333
2019-12-07,7.361,Saint-Lazare,Saint-Lazare_2019-12-07,December,2019,December 2019,7.36154166666667
2019-12-08,7.363,Saint-Lazare,Saint-Lazare_2019-12-08,December,2019,December 2019,7.36429166666667
2019-12-09,7.367,Saint-Lazare,Saint-Lazare_2019-12-09,December,2019,December 2019,7.367375
2019-12-10,7.369,Saint-Lazare,Saint-Lazare_2019-12-10,December,2019,December 2019,7.36975
2019-12-11,7.371,Saint-Lazare,Saint-Lazare_2019-12-11,December,2019,December 2019,7.37075
2019-12-12,7.372,Saint-Lazare,Saint-Lazare_2019-12-12,December,2019,December 2019,7.37395833333333
2019-12-13,7.376,Saint-Lazare,Saint-Lazare_2019-12-13,December,2019,December 2019,7.37704166666667
2019-12-14,7.379,Saint-Lazare,Saint-Lazare_2019-12-14,December,2019,December 2019,7.37958333333333
2019-12-15,7.381,Saint-Lazare,Saint-Lazare_2019-12-15,December,2019,December 2019,7.38225
2019-12-16,7.383,Saint-Lazare,Saint-Lazare_2019-12-16,December,2019,December 2019,7.38458333333333
2019-12-17,7.386,Saint-Lazare,Saint-Lazare_2019-12-17,December,2019,December 2019,7.38670833333333
2019-12-18,7.388,Saint-Lazare,Saint-Lazare_2019-12-18,December,2019,December 2019,7.38879166666667
2019-12-19,7.39,Saint-Lazare,Saint-Lazare_2019-12-19,December,2019,December 2019,7.39083333333333
2019-12-20,7.392,Saint-Lazare,Saint-Lazare_2019-12-20,December,2019,December 2019,7.39258333333333
2019-12-21,7.393,Saint-Lazare,Saint-Lazare_2019-12-21,December,2019,December 2019,7.39445833333333
2019-12-22,7.396,Saint-Lazare,Saint-Lazare_2019-12-22,December,2019,December 2019,7.39625
2019-12-23,7.397,Saint-Lazare,Saint-Lazare_2019-12-23,December,2019,December 2019,7.39808333333333
2019-12-24,7.399,Saint-Lazare,Saint-Lazare_2019-12-24,December,2019,December 2019,7.39970833333333
2019-12-27,7.403,Saint-Lazare,Saint-Lazare_2019-12-27,December,2019,December 2019,7.403625
2019-12-28,7.405,Saint-Lazare,Saint-Lazare_2019-12-28,December,2019,December 2019,7.40479166666667
2020-01-12,8.186,Rigaud,Rigaud_2020-01-12,January,2020,January 2020,7.51836363636364
2020-01-13,7.148,Rigaud,Rigaud_2020-01-13,January,2020,January 2020,6.978125
2020-01-14,6.878,Rigaud,Rigaud_2020-01-14,January,2020,January 2020,7.15329166666667
2020-01-15,7.082,Rigaud,Rigaud_2020-01-15,January,2020,January 2020,7.203125
2020-01-16,7.389,Rigaud,Rigaud_2020-01-16,January,2020,January 2020,7.3125652173913
2020-01-17,7.247,Rigaud,Rigaud_2020-01-17,January,2020,January 2020,7.18817391304348
2020-01-18,7.336,Rigaud,Rigaud_2020-01-18,January,2020,January 2020,7.25914285714286
2020-01-19,6.786,Rigaud,Rigaud_2020-01-19,January,2020,January 2020,7.02508333333333
2020-01-20,6.841,Rigaud,Rigaud_2020-01-20,January,2020,January 2020,6.8111
2020-01-21,6.781,Rigaud,Rigaud_2020-01-21,January,2020,January 2020,6.79881818181818
2020-01-22,6.769,Rigaud,Rigaud_2020-01-22,January,2020,January 2020,6.79391666666667
2020-01-23,6.819,Rigaud,Rigaud_2020-01-23,January,2020,January 2020,6.79071428571429
2020-01-24,6.794,Rigaud,Rigaud_2020-01-24,January,2020,January 2020,6.787375
2020-01-25,6.754,Rigaud,Rigaud_2020-01-25,January,2020,January 2020,6.77120833333333
2020-01-26,6.761,Rigaud,Rigaud_2020-01-26,January,2020,January 2020,6.75490476190476
2020-01-27,6.752,Rigaud,Rigaud_2020-01-27,January,2020,January 2020,6.75408333333333
2020-01-28,6.735,Rigaud,Rigaud_2020-01-28,January,2020,January 2020,6.7564347826087
2020-01-29,6.773,Rigaud,Rigaud_2020-01-29,January,2020,January 2020,6.755625
2020-01-30,6.746,Rigaud,Rigaud_2020-01-30,January,2020,January 2020,6.75841666666667
2020-01-31,6.73,Rigaud,Rigaud_2020-01-31,January,2020,January 2020,6.75108333333333
2020-01-01,7.408,Saint-Lazare,Saint-Lazare_2020-01-01,January,2020,January 2020,7.40866666666667
2020-01-02,7.409,Saint-Lazare,Saint-Lazare_2020-01-02,January,2020,January 2020,7.40933333333333
2020-01-04,7.411,Saint-Lazare,Saint-Lazare_2020-01-04,January,2020,January 2020,7.41058333333333
2020-01-05,7.411,Saint-Lazare,Saint-Lazare_2020-01-05,January,2020,January 2020,7.411
2020-01-06,7.411,Saint-Lazare,Saint-Lazare_2020-01-06,January,2020,January 2020,7.4115
2020-01-13,7.411,Saint-Lazare,Saint-Lazare_2020-01-13,January,2020,January 2020,7.41141666666667
2020-01-14,7.411,Saint-Lazare,Saint-Lazare_2020-01-14,January,2020,January 2020,7.4109
2020-01-15,7.411,Saint-Lazare,Saint-Lazare_2020-01-15,January,2020,January 2020,7.41141666666667
2020-01-16,7.411,Saint-Lazare,Saint-Lazare_2020-01-16,January,2020,January 2020,7.41141666666667
2020-01-18,7.411,Saint-Lazare,Saint-Lazare_2020-01-18,January,2020,January 2020,7.41045833333333
2020-01-19,7.41,Saint-Lazare,Saint-Lazare_2020-01-19,January,2020,January 2020,7.40970833333333
2020-01-22,7.407,Saint-Lazare,Saint-Lazare_2020-01-22,January,2020,January 2020,7.407
2020-01-23,7.406,Saint-Lazare,Saint-Lazare_2020-01-23,January,2020,January 2020,7.40579166666667
2020-01-24,7.405,Saint-Lazare,Saint-Lazare_2020-01-24,January,2020,January 2020,7.4045
2020-01-25,7.404,Saint-Lazare,Saint-Lazare_2020-01-25,January,2020,January 2020,7.40329166666667
2020-01-26,7.402,Saint-Lazare,Saint-Lazare_2020-01-26,January,2020,January 2020,7.402
2020-01-27,7.401,Saint-Lazare,Saint-Lazare_2020-01-27,January,2020,January 2020,7.40033333333333
2020-01-28,7.4,Saint-Lazare,Saint-Lazare_2020-01-28,January,2020,January 2020,7.39866666666667
2020-01-29,7.397,Saint-Lazare,Saint-Lazare_2020-01-29,January,2020,January 2020,7.397
2020-01-30,7.396,Saint-Lazare,Saint-Lazare_2020-01-30,January,2020,January 2020,7.39520833333333
2020-01-31,7.393,Saint-Lazare,Saint-Lazare_2020-01-31,January,2020,January 2020,7.393
2020-02-01,6.736,Rigaud,Rigaud_2020-02-01,February,2020,February 2020,6.74404166666667
2020-02-02,6.736,Rigaud,Rigaud_2020-02-02,February,2020,February 2020,6.73904166666667
2020-02-03,6.756,Rigaud,Rigaud_2020-02-03,February,2020,February 2020,6.74722727272727
2020-02-04,6.766,Rigaud,Rigaud_2020-02-04,February,2020,February 2020,6.75082608695652
2020-02-05,6.74,Rigaud,Rigaud_2020-02-05,February,2020,February 2020,6.75704166666667
2020-02-06,6.731,Rigaud,Rigaud_2020-02-06,February,2020,February 2020,6.748625
2020-02-07,6.746,Rigaud,Rigaud_2020-02-07,February,2020,February 2020,6.744625
2020-02-08,6.753,Rigaud,Rigaud_2020-02-08,February,2020,February 2020,6.75575
2020-02-09,6.777,Rigaud,Rigaud_2020-02-09,February,2020,February 2020,6.75571428571429
2020-02-10,6.738,Rigaud,Rigaud_2020-02-10,February,2020,February 2020,6.73727272727273
2020-02-11,6.74,Rigaud,Rigaud_2020-02-11,February,2020,February 2020,6.73659090909091
2020-02-12,6.724,Rigaud,Rigaud_2020-02-12,February,2020,February 2020,6.74029166666667
2020-02-13,6.745,Rigaud,Rigaud_2020-02-13,February,2020,February 2020,6.75361904761905
2020-02-14,6.763,Rigaud,Rigaud_2020-02-14,February,2020,February 2020,6.75879166666667
2020-02-15,6.766,Rigaud,Rigaud_2020-02-15,February,2020,February 2020,6.74745833333333
2020-02-16,6.733,Rigaud,Rigaud_2020-02-16,February,2020,February 2020,6.74020833333333
2020-02-17,6.753,Rigaud,Rigaud_2020-02-17,February,2020,February 2020,6.745
2020-02-18,6.73,Rigaud,Rigaud_2020-02-18,February,2020,February 2020,6.72979166666667
2020-02-19,6.722,Rigaud,Rigaud_2020-02-19,February,2020,February 2020,6.73417391304348
2020-02-20,6.725,Rigaud,Rigaud_2020-02-20,February,2020,February 2020,6.7295652173913
2020-02-21,6.731,Rigaud,Rigaud_2020-02-21,February,2020,February 2020,6.72695
2020-02-22,6.727,Rigaud,Rigaud_2020-02-22,February,2020,February 2020,6.72213043478261
2020-02-23,6.708,Rigaud,Rigaud_2020-02-23,February,2020,February 2020,6.71613636363636
2020-02-24,6.716,Rigaud,Rigaud_2020-02-24,February,2020,February 2020,6.71404347826087
2020-02-25,6.725,Rigaud,Rigaud_2020-02-25,February,2020,February 2020,6.71195833333333
2020-02-26,6.709,Rigaud,Rigaud_2020-02-26,February,2020,February 2020,6.70841666666667
2020-02-27,6.704,Rigaud,Rigaud_2020-02-27,February,2020,February 2020,6.69554166666667
2020-02-28,6.686,Rigaud,Rigaud_2020-02-28,February,2020,February 2020,6.699
2020-02-29,6.7,Rigaud,Rigaud_2020-02-29,February,2020,February 2020,6.692625
2020-02-01,7.392,Saint-Lazare,Saint-Lazare_2020-02-01,February,2020,February 2020,7.391375
2020-02-02,7.391,Saint-Lazare,Saint-Lazare_2020-02-02,February,2020,February 2020,7.38954166666667
2020-02-03,7.388,Saint-Lazare,Saint-Lazare_2020-02-03,February,2020,February 2020,7.38720833333333
2020-02-04,7.386,Saint-Lazare,Saint-Lazare_2020-02-04,February,2020,February 2020,7.385
2020-02-05,7.383,Saint-Lazare,Saint-Lazare_2020-02-05,February,2020,February 2020,7.38291666666667
2020-02-06,7.382,Saint-Lazare,Saint-Lazare_2020-02-06,February,2020,February 2020,7.38058333333333
2020-02-07,7.379,Saint-Lazare,Saint-Lazare_2020-02-07,February,2020,February 2020,7.37808333333333
2020-02-08,7.377,Saint-Lazare,Saint-Lazare_2020-02-08,February,2020,February 2020,7.375625
2020-02-09,7.374,Saint-Lazare,Saint-Lazare_2020-02-09,February,2020,February 2020,7.373125
2020-02-10,7.371,Saint-Lazare,Saint-Lazare_2020-02-10,February,2020,February 2020,7.37033333333333
2020-02-11,7.368,Saint-Lazare,Saint-Lazare_2020-02-11,February,2020,February 2020,7.3675652173913
2020-02-12,7.366,Saint-Lazare,Saint-Lazare_2020-02-12,February,2020,February 2020,7.36504166666667
2020-02-13,7.363,Saint-Lazare,Saint-Lazare_2020-02-13,February,2020,February 2020,7.36142857142857
2020-02-14,7.361,Saint-Lazare,Saint-Lazare_2020-02-14,February,2020,February 2020,7.3595
2020-02-15,7.357,Saint-Lazare,Saint-Lazare_2020-02-15,February,2020,February 2020,7.35629166666667
2020-02-16,7.355,Saint-Lazare,Saint-Lazare_2020-02-16,February,2020,February 2020,7.3535
2020-02-17,7.352,Saint-Lazare,Saint-Lazare_2020-02-17,February,2020,February 2020,7.35045833333333
2020-02-18,7.349,Saint-Lazare,Saint-Lazare_2020-02-18,February,2020,February 2020,7.3475
2020-02-19,7.346,Saint-Lazare,Saint-Lazare_2020-02-19,February,2020,February 2020,7.34441666666667
2020-02-20,7.342,Saint-Lazare,Saint-Lazare_2020-02-20,February,2020,February 2020,7.34125
2020-02-21,7.34,Saint-Lazare,Saint-Lazare_2020-02-21,February,2020,February 2020,7.33795833333333
2020-02-22,7.337,Saint-Lazare,Saint-Lazare_2020-02-22,February,2020,February 2020,7.33473913043478
2020-02-23,7.333,Saint-Lazare,Saint-Lazare_2020-02-23,February,2020,February 2020,7.33133333333333
2020-02-24,7.329,Saint-Lazare,Saint-Lazare_2020-02-24,February,2020,February 2020,7.32808333333333
2020-02-25,7.326,Saint-Lazare,Saint-Lazare_2020-02-25,February,2020,February 2020,7.32475
2020-02-26,7.323,Saint-Lazare,Saint-Lazare_2020-02-26,February,2020,February 2020,7.321125
2020-02-27,7.319,Saint-Lazare,Saint-Lazare_2020-02-27,February,2020,February 2020,7.31766666666667
2020-02-28,7.316,Saint-Lazare,Saint-Lazare_2020-02-28,February,2020,February 2020,7.31416666666667
2020-02-29,7.312,Saint-Lazare,Saint-Lazare_2020-02-29,February,2020,February 2020,7.3105
2020-03-01,6.683,Rigaud,Rigaud_2020-03-01,March,2020,March 2020,6.68534782608696
2020-03-02,6.685,Rigaud,Rigaud_2020-03-02,March,2020,March 2020,6.678
2020-03-03,6.663,Rigaud,Rigaud_2020-03-03,March,2020,March 2020,6.67175
2020-03-04,6.672,Rigaud,Rigaud_2020-03-04,March,2020,March 2020,6.65473913043478
2020-03-05,6.647,Rigaud,Rigaud_2020-03-05,March,2020,March 2020,6.63745833333333
2020-03-06,6.631,Rigaud,Rigaud_2020-03-06,March,2020,March 2020,6.61975
2020-03-07,6.606,Rigaud,Rigaud_2020-03-07,March,2020,March 2020,6.60504347826087
2020-03-08,6.591,Rigaud,Rigaud_2020-03-08,March,2020,March 2020,6.58626086956522
2020-03-09,6.57,Rigaud,Rigaud_2020-03-09,March,2020,March 2020,6.55239130434783
2020-03-10,6.535,Rigaud,Rigaud_2020-03-10,March,2020,March 2020,6.54072727272727
2020-03-11,6.542,Rigaud,Rigaud_2020-03-11,March,2020,March 2020,6.487625
2020-03-12,6.44,Rigaud,Rigaud_2020-03-12,March,2020,March 2020,6.42370833333333
2020-03-13,6.396,Rigaud,Rigaud_2020-03-13,March,2020,March 2020,6.355875
2020-03-14,6.304,Rigaud,Rigaud_2020-03-14,March,2020,March 2020,6.17275
2020-03-15,6.055,Rigaud,Rigaud_2020-03-15,March,2020,March 2020,5.89416666666667
2020-03-16,5.759,Rigaud,Rigaud_2020-03-16,March,2020,March 2020,5.58552173913044
2020-03-17,5.432,Rigaud,Rigaud_2020-03-17,March,2020,March 2020,5.480875
2020-03-18,5.497,Rigaud,Rigaud_2020-03-18,March,2020,March 2020,5.365375
2020-03-19,5.389,Rigaud,Rigaud_2020-03-19,March,2020,March 2020,5.38733333333333
2020-03-20,5.306,Rigaud,Rigaud_2020-03-20,March,2020,March 2020,5.21883333333333
2020-03-21,5.012,Rigaud,Rigaud_2020-03-21,March,2020,March 2020,4.97870833333333
2020-03-22,4.954,Rigaud,Rigaud_2020-03-22,March,2020,March 2020,5.07704166666667
2020-03-23,4.957,Rigaud,Rigaud_2020-03-23,March,2020,March 2020,4.97854545454545
2020-03-24,4.976,Rigaud,Rigaud_2020-03-24,March,2020,March 2020,4.97473913043478
2020-03-25,4.982,Rigaud,Rigaud_2020-03-25,March,2020,March 2020,5.04061904761905
2020-03-26,5.128,Rigaud,Rigaud_2020-03-26,March,2020,March 2020,5.04579166666667
2020-03-27,5.151,Rigaud,Rigaud_2020-03-27,March,2020,March 2020,5.03704166666667
2020-03-28,4.862,Rigaud,Rigaud_2020-03-28,March,2020,March 2020,4.96275
2020-03-29,4.879,Rigaud,Rigaud_2020-03-29,March,2020,March 2020,4.86933333333333
2020-03-30,4.668,Rigaud,Rigaud_2020-03-30,March,2020,March 2020,4.49854166666667
2020-03-31,4.349,Rigaud,Rigaud_2020-03-31,March,2020,March 2020,4.32120833333333
2020-03-01,7.308,Saint-Lazare,Saint-Lazare_2020-03-01,March,2020,March 2020,7.30675
2020-03-02,7.305,Saint-Lazare,Saint-Lazare_2020-03-02,March,2020,March 2020,7.303375
2020-03-03,7.301,Saint-Lazare,Saint-Lazare_2020-03-03,March,2020,March 2020,7.29926086956522
2020-03-04,7.297,Saint-Lazare,Saint-Lazare_2020-03-04,March,2020,March 2020,7.29583333333333
2020-03-05,7.293,Saint-Lazare,Saint-Lazare_2020-03-05,March,2020,March 2020,7.29191666666667
2020-03-06,7.29,Saint-Lazare,Saint-Lazare_2020-03-06,March,2020,March 2020,7.28808333333333
2020-03-07,7.286,Saint-Lazare,Saint-Lazare_2020-03-07,March,2020,March 2020,7.28429166666667
2020-03-08,7.282,Saint-Lazare,Saint-Lazare_2020-03-08,March,2020,March 2020,7.28033333333333
2020-03-09,7.279,Saint-Lazare,Saint-Lazare_2020-03-09,March,2020,March 2020,7.27625
2020-03-10,7.274,Saint-Lazare,Saint-Lazare_2020-03-10,March,2020,March 2020,7.27229166666667
2020-03-11,7.269,Saint-Lazare,Saint-Lazare_2020-03-11,March,2020,March 2020,7.26747826086957
2020-03-12,7.266,Saint-Lazare,Saint-Lazare_2020-03-12,March,2020,March 2020,7.26383333333333
2020-03-13,7.262,Saint-Lazare,Saint-Lazare_2020-03-13,March,2020,March 2020,7.25975
2020-03-14,7.257,Saint-Lazare,Saint-Lazare_2020-03-14,March,2020,March 2020,7.25526086956522
2020-03-15,7.253,Saint-Lazare,Saint-Lazare_2020-03-15,March,2020,March 2020,7.25108333333333
2020-03-16,7.247,Saint-Lazare,Saint-Lazare_2020-03-16,March,2020,March 2020,7.22521739130435
2020-03-17,7.171,Saint-Lazare,Saint-Lazare_2020-03-17,March,2020,March 2020,7.17291304347826
2020-03-18,7.164,Saint-Lazare,Saint-Lazare_2020-03-18,March,2020,March 2020,7.15733333333333
2020-03-19,7.139,Saint-Lazare,Saint-Lazare_2020-03-19,March,2020,March 2020,7.13220833333333
2020-03-20,7.117,Saint-Lazare,Saint-Lazare_2020-03-20,March,2020,March 2020,7.1012380952381
2020-03-21,7.037,Saint-Lazare,Saint-Lazare_2020-03-21,March,2020,March 2020,6.9085
2020-03-22,6.806,Saint-Lazare,Saint-Lazare_2020-03-22,March,2020,March 2020,6.72933333333333
2020-03-23,6.645,Saint-Lazare,Saint-Lazare_2020-03-23,March,2020,March 2020,6.60316666666667
2020-03-24,6.558,Saint-Lazare,Saint-Lazare_2020-03-24,March,2020,March 2020,6.50825
2020-03-25,6.477,Saint-Lazare,Saint-Lazare_2020-03-25,March,2020,March 2020,6.41625
2020-03-26,6.299,Saint-Lazare,Saint-Lazare_2020-03-26,March,2020,March 2020,6.25241666666667
2020-03-27,6.159,Saint-Lazare,Saint-Lazare_2020-03-27,March,2020,March 2020,6.07016666666667
2020-03-28,6.028,Saint-Lazare,Saint-Lazare_2020-03-28,March,2020,March 2020,5.9195
2020-03-29,6.014,Saint-Lazare,Saint-Lazare_2020-03-29,March,2020,March 2020,6.00731578947368
2020-03-30,5.556,Saint-Lazare,Saint-Lazare_2020-03-30,March,2020,March 2020,5.59008333333333
2020-03-31,5.602,Saint-Lazare,Saint-Lazare_2020-03-31,March,2020,March 2020,5.6395
2020-04-01,4.278,Rigaud,Rigaud_2020-04-01,April,2020,April 2020,4.26778260869565
2020-04-02,4.286,Rigaud,Rigaud_2020-04-02,April,2020,April 2020,4.20870833333333
2020-04-03,4.187,Rigaud,Rigaud_2020-04-03,April,2020,April 2020,4.17038095238095
2020-04-04,4.096,Rigaud,Rigaud_2020-04-04,April,2020,April 2020,4.06186363636364
2020-04-05,4.043,Rigaud,Rigaud_2020-04-05,April,2020,April 2020,4.00445833333333
2020-04-06,3.971,Rigaud,Rigaud_2020-04-06,April,2020,April 2020,3.952625
2020-04-07,3.933,Rigaud,Rigaud_2020-04-07,April,2020,April 2020,3.91779166666667
2020-04-08,3.901,Rigaud,Rigaud_2020-04-08,April,2020,April 2020,3.88833333333333
2020-04-09,3.876,Rigaud,Rigaud_2020-04-09,April,2020,April 2020,3.86504166666667
2020-04-10,3.853,Rigaud,Rigaud_2020-04-10,April,2020,April 2020,3.84408333333333
2020-04-11,3.835,Rigaud,Rigaud_2020-04-11,April,2020,April 2020,3.82654166666667
2020-04-12,3.818,Rigaud,Rigaud_2020-04-12,April,2020,April 2020,3.80983333333333
2020-04-13,3.803,Rigaud,Rigaud_2020-04-13,April,2020,April 2020,3.79554166666667
2020-04-14,3.783,Rigaud,Rigaud_2020-04-14,April,2020,April 2020,3.75133333333333
2020-04-15,3.717,Rigaud,Rigaud_2020-04-15,April,2020,April 2020,3.706
2020-04-16,3.685,Rigaud,Rigaud_2020-04-16,April,2020,April 2020,3.66691666666667
2020-04-17,3.653,Rigaud,Rigaud_2020-04-17,April,2020,April 2020,3.64345833333333
2020-04-18,3.636,Rigaud,Rigaud_2020-04-18,April,2020,April 2020,3.62929166666667
2020-04-19,3.624,Rigaud,Rigaud_2020-04-19,April,2020,April 2020,3.61954166666667
2020-04-20,3.615,Rigaud,Rigaud_2020-04-20,April,2020,April 2020,3.61458333333333
2020-04-21,3.613,Rigaud,Rigaud_2020-04-21,April,2020,April 2020,3.611375
2020-04-22,3.611,Rigaud,Rigaud_2020-04-22,April,2020,April 2020,3.61154166666667
2020-04-23,3.614,Rigaud,Rigaud_2020-04-23,April,2020,April 2020,3.61425
2020-04-24,3.618,Rigaud,Rigaud_2020-04-24,April,2020,April 2020,3.6191
2020-04-25,3.623,Rigaud,Rigaud_2020-04-25,April,2020,April 2020,3.62670833333333
2020-04-26,3.631,Rigaud,Rigaud_2020-04-26,April,2020,April 2020,3.63675
2020-04-27,3.642,Rigaud,Rigaud_2020-04-27,April,2020,April 2020,3.64833333333333
2020-04-28,3.656,Rigaud,Rigaud_2020-04-28,April,2020,April 2020,3.66225
2020-04-29,3.671,Rigaud,Rigaud_2020-04-29,April,2020,April 2020,3.67779166666667
2020-04-30,3.686,Rigaud,Rigaud_2020-04-30,April,2020,April 2020,3.69441666666667
2020-04-01,5.613,Saint-Lazare,Saint-Lazare_2020-04-01,April,2020,April 2020,5.62765
2020-04-02,5.64,Saint-Lazare,Saint-Lazare_2020-04-02,April,2020,April 2020,5.6454347826087
2020-04-03,5.642,Saint-Lazare,Saint-Lazare_2020-04-03,April,2020,April 2020,5.62808695652174
2020-04-04,5.501,Saint-Lazare,Saint-Lazare_2020-04-04,April,2020,April 2020,5.4913
2020-04-05,5.478,Saint-Lazare,Saint-Lazare_2020-04-05,April,2020,April 2020,5.46760869565217
2020-04-06,5.456,Saint-Lazare,Saint-Lazare_2020-04-06,April,2020,April 2020,5.44831818181818
2020-04-07,5.444,Saint-Lazare,Saint-Lazare_2020-04-07,April,2020,April 2020,5.432625
2020-04-08,5.416,Saint-Lazare,Saint-Lazare_2020-04-08,April,2020,April 2020,5.412375
2020-04-09,5.402,Saint-Lazare,Saint-Lazare_2020-04-09,April,2020,April 2020,5.39275
2020-04-10,5.387,Saint-Lazare,Saint-Lazare_2020-04-10,April,2020,April 2020,5.37954166666667
2020-04-11,5.373,Saint-Lazare,Saint-Lazare_2020-04-11,April,2020,April 2020,5.3685
2020-04-12,5.358,Saint-Lazare,Saint-Lazare_2020-04-12,April,2020,April 2020,5.35116666666667
2020-04-13,5.334,Saint-Lazare,Saint-Lazare_2020-04-13,April,2020,April 2020,5.33533333333333
2020-04-14,5.327,Saint-Lazare,Saint-Lazare_2020-04-14,April,2020,April 2020,5.32872727272727
2020-04-15,5.317,Saint-Lazare,Saint-Lazare_2020-04-15,April,2020,April 2020,5.35218181818182
2020-04-16,5.4,Saint-Lazare,Saint-Lazare_2020-04-16,April,2020,April 2020,5.317625
2020-04-17,5.259,Saint-Lazare,Saint-Lazare_2020-04-17,April,2020,April 2020,5.2577619047619
2020-04-18,5.256,Saint-Lazare,Saint-Lazare_2020-04-18,April,2020,April 2020,5.26958333333333
2020-04-19,5.301,Saint-Lazare,Saint-Lazare_2020-04-19,April,2020,April 2020,5.296125
2020-04-20,5.318,Saint-Lazare,Saint-Lazare_2020-04-20,April,2020,April 2020,5.23338095238095
2020-04-21,5.2,Saint-Lazare,Saint-Lazare_2020-04-21,April,2020,April 2020,5.22013043478261
2020-04-22,5.252,Saint-Lazare,Saint-Lazare_2020-04-22,April,2020,April 2020,5.33195833333333
2020-04-23,5.392,Saint-Lazare,Saint-Lazare_2020-04-23,April,2020,April 2020,5.359375
2020-04-24,5.372,Saint-Lazare,Saint-Lazare_2020-04-24,April,2020,April 2020,5.383625
2020-04-25,5.392,Saint-Lazare,Saint-Lazare_2020-04-25,April,2020,April 2020,5.46741666666667
2020-04-26,5.478,Saint-Lazare,Saint-Lazare_2020-04-26,April,2020,April 2020,5.4874347826087
2020-04-27,5.51,Saint-Lazare,Saint-Lazare_2020-04-27,April,2020,April 2020,5.50063636363636
2020-04-28,5.526,Saint-Lazare,Saint-Lazare_2020-04-28,April,2020,April 2020,5.52608333333333
2020-04-29,5.535,Saint-Lazare,Saint-Lazare_2020-04-29,April,2020,April 2020,5.5405652173913
2020-04-30,5.58,Saint-Lazare,Saint-Lazare_2020-04-30,April,2020,April 2020,5.55158333333333
2020-05-01,3.704,Rigaud,Rigaud_2020-05-01,May,2020,May 2020,3.71208333333333
2020-05-02,3.723,Rigaud,Rigaud_2020-05-02,May,2020,May 2020,3.73175
2020-05-03,3.743,Rigaud,Rigaud_2020-05-03,May,2020,May 2020,3.75104166666667
2020-05-04,3.762,Rigaud,Rigaud_2020-05-04,May,2020,May 2020,3.77179166666667
2020-05-05,3.783,Rigaud,Rigaud_2020-05-05,May,2020,May 2020,3.79375
2020-05-06,3.806,Rigaud,Rigaud_2020-05-06,May,2020,May 2020,3.81625
2020-05-07,3.829,Rigaud,Rigaud_2020-05-07,May,2020,May 2020,3.83908333333333
2020-05-08,3.852,Rigaud,Rigaud_2020-05-08,May,2020,May 2020,3.86370833333333
2020-05-09,3.876,Rigaud,Rigaud_2020-05-09,May,2020,May 2020,3.88904166666667
2020-05-10,3.903,Rigaud,Rigaud_2020-05-10,May,2020,May 2020,3.91570833333333
2020-05-11,3.93,Rigaud,Rigaud_2020-05-11,May,2020,May 2020,3.943875
2020-05-12,3.96,Rigaud,Rigaud_2020-05-12,May,2020,May 2020,3.97325
2020-05-13,3.989,Rigaud,Rigaud_2020-05-13,May,2020,May 2020,4.004
2020-05-14,4.021,Rigaud,Rigaud_2020-05-14,May,2020,May 2020,4.03604166666667
2020-05-15,4.053,Rigaud,Rigaud_2020-05-15,May,2020,May 2020,4.06925
2020-05-16,4.087,Rigaud,Rigaud_2020-05-16,May,2020,May 2020,4.10370833333333
2020-05-17,4.121,Rigaud,Rigaud_2020-05-17,May,2020,May 2020,4.136625
2020-05-18,4.153,Rigaud,Rigaud_2020-05-18,May,2020,May 2020,4.17790476190476
2020-05-19,4.193,Rigaud,Rigaud_2020-05-19,May,2020,May 2020,4.20583333333333
2020-05-20,4.223,Rigaud,Rigaud_2020-05-20,May,2020,May 2020,4.23816666666667
2020-05-21,4.256,Rigaud,Rigaud_2020-05-21,May,2020,May 2020,4.27254166666667
2020-05-22,4.29,Rigaud,Rigaud_2020-05-22,May,2020,May 2020,4.3075
2020-05-23,4.326,Rigaud,Rigaud_2020-05-23,May,2020,May 2020,4.34354166666667
2020-05-24,4.363,Rigaud,Rigaud_2020-05-24,May,2020,May 2020,4.38033333333333
2020-05-25,4.4,Rigaud,Rigaud_2020-05-25,May,2020,May 2020,4.41804166666667
2020-05-26,4.438,Rigaud,Rigaud_2020-05-26,May,2020,May 2020,4.45654166666667
2020-05-27,4.478,Rigaud,Rigaud_2020-05-27,May,2020,May 2020,4.496
2020-05-28,4.518,Rigaud,Rigaud_2020-05-28,May,2020,May 2020,4.53670833333333
2020-05-29,4.559,Rigaud,Rigaud_2020-05-29,May,2020,May 2020,4.57866666666667
2020-05-30,4.6,Rigaud,Rigaud_2020-05-30,May,2020,May 2020,4.621625
2020-05-31,4.645,Rigaud,Rigaud_2020-05-31,May,2020,May 2020,4.66679166666667
2020-05-01,5.552,Saint-Lazare,Saint-Lazare_2020-05-01,May,2020,May 2020,5.56578260869565
2020-05-02,5.575,Saint-Lazare,Saint-Lazare_2020-05-02,May,2020,May 2020,5.57186363636364
2020-05-03,5.592,Saint-Lazare,Saint-Lazare_2020-05-03,May,2020,May 2020,5.592125
2020-05-04,5.616,Saint-Lazare,Saint-Lazare_2020-05-04,May,2020,May 2020,5.62791304347826
2020-05-05,5.64,Saint-Lazare,Saint-Lazare_2020-05-05,May,2020,May 2020,5.63360869565217
2020-05-06,5.642,Saint-Lazare,Saint-Lazare_2020-05-06,May,2020,May 2020,5.65416666666667
2020-05-07,5.685,Saint-Lazare,Saint-Lazare_2020-05-07,May,2020,May 2020,5.7024347826087
2020-05-08,5.716,Saint-Lazare,Saint-Lazare_2020-05-08,May,2020,May 2020,5.72826086956522
2020-05-09,5.738,Saint-Lazare,Saint-Lazare_2020-05-09,May,2020,May 2020,5.747125
2020-05-10,5.755,Saint-Lazare,Saint-Lazare_2020-05-10,May,2020,May 2020,5.76491666666667
2020-05-11,5.771,Saint-Lazare,Saint-Lazare_2020-05-11,May,2020,May 2020,5.78158333333333
2020-05-12,5.792,Saint-Lazare,Saint-Lazare_2020-05-12,May,2020,May 2020,5.803125
2020-05-13,5.811,Saint-Lazare,Saint-Lazare_2020-05-13,May,2020,May 2020,5.8175
2020-05-14,5.827,Saint-Lazare,Saint-Lazare_2020-05-14,May,2020,May 2020,5.83266666666667
2020-05-15,5.84,Saint-Lazare,Saint-Lazare_2020-05-15,May,2020,May 2020,5.847375
2020-05-16,5.855,Saint-Lazare,Saint-Lazare_2020-05-16,May,2020,May 2020,5.859875
2020-05-17,5.868,Saint-Lazare,Saint-Lazare_2020-05-17,May,2020,May 2020,5.87441666666667
2020-05-18,5.881,Saint-Lazare,Saint-Lazare_2020-05-18,May,2020,May 2020,5.88610526315789
2020-05-19,5.743,Saint-Lazare,Saint-Lazare_2020-05-19,May,2020,May 2020,5.76379166666667
2020-05-20,5.8,Saint-Lazare,Saint-Lazare_2020-05-20,May,2020,May 2020,5.81229166666667
2020-05-21,5.829,Saint-Lazare,Saint-Lazare_2020-05-21,May,2020,May 2020,5.851625
2020-05-22,5.867,Saint-Lazare,Saint-Lazare_2020-05-22,May,2020,May 2020,5.88604166666667
2020-05-23,5.906,Saint-Lazare,Saint-Lazare_2020-05-23,May,2020,May 2020,5.91908333333333
2020-05-24,5.929,Saint-Lazare,Saint-Lazare_2020-05-24,May,2020,May 2020,5.94466666666667
2020-05-25,5.961,Saint-Lazare,Saint-Lazare_2020-05-25,May,2020,May 2020,5.97008333333333
2020-05-26,5.979,Saint-Lazare,Saint-Lazare_2020-05-26,May,2020,May 2020,5.98666666666667
2020-05-27,5.995,Saint-Lazare,Saint-Lazare_2020-05-27,May,2020,May 2020,6.00191666666667
2020-05-28,6.009,Saint-Lazare,Saint-Lazare_2020-05-28,May,2020,May 2020,6.015875
2020-05-29,6.023,Saint-Lazare,Saint-Lazare_2020-05-29,May,2020,May 2020,6.029375
2020-05-30,6.037,Saint-Lazare,Saint-Lazare_2020-05-30,May,2020,May 2020,6.0425
2020-05-31,6.049,Saint-Lazare,Saint-Lazare_2020-05-31,May,2020,May 2020,6.05495833333333
2020-06-01,4.69,Rigaud,Rigaud_2020-06-01,June,2020,June 2020,4.71258333333333
2020-06-02,4.737,Rigaud,Rigaud_2020-06-02,June,2020,June 2020,4.75975
2020-06-03,4.784,Rigaud,Rigaud_2020-06-03,June,2020,June 2020,4.80816666666667
2020-06-04,4.834,Rigaud,Rigaud_2020-06-04,June,2020,June 2020,4.85779166666667
2020-06-05,4.885,Rigaud,Rigaud_2020-06-05,June,2020,June 2020,4.90929166666667
2020-06-06,4.936,Rigaud,Rigaud_2020-06-06,June,2020,June 2020,4.96229166666667
2020-06-07,4.991,Rigaud,Rigaud_2020-06-07,June,2020,June 2020,5.01675
2020-06-08,5.045,Rigaud,Rigaud_2020-06-08,June,2020,June 2020,5.07216666666667
2020-06-09,5.102,Rigaud,Rigaud_2020-06-09,June,2020,June 2020,5.128625
2020-06-10,5.158,Rigaud,Rigaud_2020-06-10,June,2020,June 2020,5.18566666666667
2020-06-11,5.215,Rigaud,Rigaud_2020-06-11,June,2020,June 2020,5.243125
2020-06-12,5.274,Rigaud,Rigaud_2020-06-12,June,2020,June 2020,5.30120833333333
2020-06-13,5.331,Rigaud,Rigaud_2020-06-13,June,2020,June 2020,5.359375
2020-06-14,5.39,Rigaud,Rigaud_2020-06-14,June,2020,June 2020,5.41791666666667
2020-06-15,5.448,Rigaud,Rigaud_2020-06-15,June,2020,June 2020,5.4765
2020-06-16,5.507,Rigaud,Rigaud_2020-06-16,June,2020,June 2020,5.53533333333333
2020-06-17,5.566,Rigaud,Rigaud_2020-06-17,June,2020,June 2020,5.60572727272727
2020-06-18,5.632,Rigaud,Rigaud_2020-06-18,June,2020,June 2020,5.65791666666667
2020-06-19,5.687,Rigaud,Rigaud_2020-06-19,June,2020,June 2020,5.71525
2020-06-20,5.746,Rigaud,Rigaud_2020-06-20,June,2020,June 2020,5.77416666666667
2020-06-21,5.804,Rigaud,Rigaud_2020-06-21,June,2020,June 2020,5.83308333333333
2020-06-22,5.864,Rigaud,Rigaud_2020-06-22,June,2020,June 2020,5.89233333333333
2020-06-23,5.923,Rigaud,Rigaud_2020-06-23,June,2020,June 2020,5.95195833333333
2020-06-24,5.983,Rigaud,Rigaud_2020-06-24,June,2020,June 2020,6.01116666666667
2020-06-25,6.042,Rigaud,Rigaud_2020-06-25,June,2020,June 2020,6.06991666666667
2020-06-26,6.101,Rigaud,Rigaud_2020-06-26,June,2020,June 2020,6.12833333333333
2020-06-27,6.159,Rigaud,Rigaud_2020-06-27,June,2020,June 2020,6.186625
2020-06-28,6.217,Rigaud,Rigaud_2020-06-28,June,2020,June 2020,6.24495833333333
2020-06-29,6.275,Rigaud,Rigaud_2020-06-29,June,2020,June 2020,6.30333333333333
2020-06-30,6.334,Rigaud,Rigaud_2020-06-30,June,2020,June 2020,6.36195833333333
2020-06-01,6.062,Saint-Lazare,Saint-Lazare_2020-06-01,June,2020,June 2020,6.06725
2020-06-02,6.073,Saint-Lazare,Saint-Lazare_2020-06-02,June,2020,June 2020,6.07916666666667
2020-06-03,6.085,Saint-Lazare,Saint-Lazare_2020-06-03,June,2020,June 2020,6.09058333333333
2020-06-04,6.097,Saint-Lazare,Saint-Lazare_2020-06-04,June,2020,June 2020,6.10175
2020-06-05,6.107,Saint-Lazare,Saint-Lazare_2020-06-05,June,2020,June 2020,6.11266666666667
2020-06-06,6.118,Saint-Lazare,Saint-Lazare_2020-06-06,June,2020,June 2020,6.123125
2020-06-07,6.128,Saint-Lazare,Saint-Lazare_2020-06-07,June,2020,June 2020,6.13325
2020-06-08,6.139,Saint-Lazare,Saint-Lazare_2020-06-08,June,2020,June 2020,6.14320833333333
2020-06-09,6.148,Saint-Lazare,Saint-Lazare_2020-06-09,June,2020,June 2020,6.15266666666667
2020-06-10,6.157,Saint-Lazare,Saint-Lazare_2020-06-10,June,2020,June 2020,6.162
2020-06-11,6.167,Saint-Lazare,Saint-Lazare_2020-06-11,June,2020,June 2020,6.17129166666667
2020-06-12,6.176,Saint-Lazare,Saint-Lazare_2020-06-12,June,2020,June 2020,6.17983333333333
2020-06-13,6.185,Saint-Lazare,Saint-Lazare_2020-06-13,June,2020,June 2020,6.18808333333333
2020-06-14,6.192,Saint-Lazare,Saint-Lazare_2020-06-14,June,2020,June 2020,6.19608333333333
2020-06-15,6.201,Saint-Lazare,Saint-Lazare_2020-06-15,June,2020,June 2020,6.204125
2020-06-16,6.208,Saint-Lazare,Saint-Lazare_2020-06-16,June,2020,June 2020,6.21175
2020-06-17,6.216,Saint-Lazare,Saint-Lazare_2020-06-17,June,2020,June 2020,6.21935
2020-06-18,6.205,Saint-Lazare,Saint-Lazare_2020-06-18,June,2020,June 2020,6.20836363636364
2020-06-19,6.214,Saint-Lazare,Saint-Lazare_2020-06-19,June,2020,June 2020,6.21825
2020-06-20,6.22,Saint-Lazare,Saint-Lazare_2020-06-20,June,2020,June 2020,6.22408333333333
2020-06-21,6.23,Saint-Lazare,Saint-Lazare_2020-06-21,June,2020,June 2020,6.233625
2020-06-22,6.238,Saint-Lazare,Saint-Lazare_2020-06-22,June,2020,June 2020,6.24233333333333
2020-06-23,6.247,Saint-Lazare,Saint-Lazare_2020-06-23,June,2020,June 2020,6.2505
2020-06-24,6.255,Saint-Lazare,Saint-Lazare_2020-06-24,June,2020,June 2020,6.25858333333333
2020-06-25,6.262,Saint-Lazare,Saint-Lazare_2020-06-25,June,2020,June 2020,6.266125
2020-06-26,6.27,Saint-Lazare,Saint-Lazare_2020-06-26,June,2020,June 2020,6.27283333333333
2020-06-27,6.275,Saint-Lazare,Saint-Lazare_2020-06-27,June,2020,June 2020,6.27866666666667
2020-06-28,6.282,Saint-Lazare,Saint-Lazare_2020-06-28,June,2020,June 2020,6.28425
2020-06-29,6.287,Saint-Lazare,Saint-Lazare_2020-06-29,June,2020,June 2020,6.2895
2020-06-30,6.292,Saint-Lazare,Saint-Lazare_2020-06-30,June,2020,June 2020,6.2945
2020-07-01,6.392,Rigaud,Rigaud_2020-07-01,July,2020,July 2020,6.42070833333333
2020-07-02,6.451,Rigaud,Rigaud_2020-07-02,July,2020,July 2020,6.48004166666667
2020-07-03,6.51,Rigaud,Rigaud_2020-07-03,July,2020,July 2020,6.53966666666667
2020-07-04,6.57,Rigaud,Rigaud_2020-07-04,July,2020,July 2020,6.59933333333333
2020-07-05,6.631,Rigaud,Rigaud_2020-07-05,July,2020,July 2020,6.65954166666667
2020-07-06,6.69,Rigaud,Rigaud_2020-07-06,July,2020,July 2020,6.72339130434783
2020-07-07,6.753,Rigaud,Rigaud_2020-07-07,July,2020,July 2020,6.78179166666667
2020-07-08,6.813,Rigaud,Rigaud_2020-07-08,July,2020,July 2020,6.84145833333333
2020-07-09,6.873,Rigaud,Rigaud_2020-07-09,July,2020,July 2020,6.90183333333333
2020-07-10,6.934,Rigaud,Rigaud_2020-07-10,July,2020,July 2020,6.962
2020-07-11,6.993,Rigaud,Rigaud_2020-07-11,July,2020,July 2020,7.02183333333333
2020-07-12,7.053,Rigaud,Rigaud_2020-07-12,July,2020,July 2020,7.08170833333333
2020-07-13,7.112,Rigaud,Rigaud_2020-07-13,July,2020,July 2020,7.14141666666667
2020-07-14,7.173,Rigaud,Rigaud_2020-07-14,July,2020,July 2020,7.201125
2020-07-15,7.232,Rigaud,Rigaud_2020-07-15,July,2020,July 2020,7.26058333333333
2020-07-16,7.291,Rigaud,Rigaud_2020-07-16,July,2020,July 2020,7.32
2020-07-17,7.351,Rigaud,Rigaud_2020-07-17,July,2020,July 2020,7.39286363636364
2020-07-18,7.42,Rigaud,Rigaud_2020-07-18,July,2020,July 2020,7.44595833333333
2020-07-19,7.476,Rigaud,Rigaud_2020-07-19,July,2020,July 2020,7.50341666666667
2020-07-20,7.534,Rigaud,Rigaud_2020-07-20,July,2020,July 2020,7.56229166666667
2020-07-21,7.593,Rigaud,Rigaud_2020-07-21,July,2020,July 2020,7.621875
2020-07-22,7.653,Rigaud,Rigaud_2020-07-22,July,2020,July 2020,7.68191666666667
2020-07-23,7.713,Rigaud,Rigaud_2020-07-23,July,2020,July 2020,7.74233333333333
2020-07-24,7.774,Rigaud,Rigaud_2020-07-24,July,2020,July 2020,7.80283333333333
2020-07-25,7.834,Rigaud,Rigaud_2020-07-25,July,2020,July 2020,7.86341666666667
2020-07-26,7.895,Rigaud,Rigaud_2020-07-26,July,2020,July 2020,7.92358333333333
2020-07-27,7.955,Rigaud,Rigaud_2020-07-27,July,2020,July 2020,7.9835
2020-07-28,8.015,Rigaud,Rigaud_2020-07-28,July,2020,July 2020,8.04345833333333
2020-07-29,8.075,Rigaud,Rigaud_2020-07-29,July,2020,July 2020,8.103625
2020-07-30,8.134,Rigaud,Rigaud_2020-07-30,July,2020,July 2020,8.16375
2020-07-31,8.195,Rigaud,Rigaud_2020-07-31,July,2020,July 2020,8.223375
2020-07-01,6.297,Saint-Lazare,Saint-Lazare_2020-07-01,July,2020,July 2020,6.299375
2020-07-02,6.302,Saint-Lazare,Saint-Lazare_2020-07-02,July,2020,July 2020,6.303875
2020-07-03,6.307,Saint-Lazare,Saint-Lazare_2020-07-03,July,2020,July 2020,6.30873913043478
2020-07-04,6.311,Saint-Lazare,Saint-Lazare_2020-07-04,July,2020,July 2020,6.31308333333333
2020-07-05,6.315,Saint-Lazare,Saint-Lazare_2020-07-05,July,2020,July 2020,6.31741666666667
2020-07-06,6.319,Saint-Lazare,Saint-Lazare_2020-07-06,July,2020,July 2020,6.32357142857143
2020-07-07,6.327,Saint-Lazare,Saint-Lazare_2020-07-07,July,2020,July 2020,6.32641666666667
2020-07-08,6.328,Saint-Lazare,Saint-Lazare_2020-07-08,July,2020,July 2020,6.32966666666667
2020-07-09,6.332,Saint-Lazare,Saint-Lazare_2020-07-09,July,2020,July 2020,6.33359090909091
2020-07-10,6.336,Saint-Lazare,Saint-Lazare_2020-07-10,July,2020,July 2020,6.33745833333333
2020-07-11,6.339,Saint-Lazare,Saint-Lazare_2020-07-11,July,2020,July 2020,6.34133333333333
2020-07-12,6.344,Saint-Lazare,Saint-Lazare_2020-07-12,July,2020,July 2020,6.345125
2020-07-13,6.347,Saint-Lazare,Saint-Lazare_2020-07-13,July,2020,July 2020,6.348625
2020-07-14,6.351,Saint-Lazare,Saint-Lazare_2020-07-14,July,2020,July 2020,6.35225
2020-07-15,6.354,Saint-Lazare,Saint-Lazare_2020-07-15,July,2020,July 2020,6.35591666666667
2020-07-16,6.358,Saint-Lazare,Saint-Lazare_2020-07-16,July,2020,July 2020,6.359375
2020-07-17,6.362,Saint-Lazare,Saint-Lazare_2020-07-17,July,2020,July 2020,6.36657142857143
2020-07-19,6.37,Saint-Lazare,Saint-Lazare_2020-07-19,July,2020,July 2020,6.37095833333333
2020-07-20,6.373,Saint-Lazare,Saint-Lazare_2020-07-20,July,2020,July 2020,6.37404166666667
2020-07-21,6.376,Saint-Lazare,Saint-Lazare_2020-07-21,July,2020,July 2020,6.37733333333333
2020-07-22,6.379,Saint-Lazare,Saint-Lazare_2020-07-22,July,2020,July 2020,6.38041666666667
2020-07-23,6.382,Saint-Lazare,Saint-Lazare_2020-07-23,July,2020,July 2020,6.38383333333333
2020-07-24,6.386,Saint-Lazare,Saint-Lazare_2020-07-24,July,2020,July 2020,6.387375
2020-07-25,6.389,Saint-Lazare,Saint-Lazare_2020-07-25,July,2020,July 2020,6.39058333333333
2020-07-26,6.393,Saint-Lazare,Saint-Lazare_2020-07-26,July,2020,July 2020,6.39408333333333
2020-07-27,6.397,Saint-Lazare,Saint-Lazare_2020-07-27,July,2020,July 2020,6.3975
2020-07-28,6.399,Saint-Lazare,Saint-Lazare_2020-07-28,July,2020,July 2020,6.40079166666667
2020-07-29,6.402,Saint-Lazare,Saint-Lazare_2020-07-29,July,2020,July 2020,6.40429166666667
2020-07-30,6.406,Saint-Lazare,Saint-Lazare_2020-07-30,July,2020,July 2020,6.4074347826087
2020-07-31,6.41,Saint-Lazare,Saint-Lazare_2020-07-31,July,2020,July 2020,6.4115
2020-08-01,8.254,Rigaud,Rigaud_2020-08-01,August,2020,August 2020,8.2835
2020-08-02,8.315,Rigaud,Rigaud_2020-08-02,August,2020,August 2020,8.34283333333333
2020-08-03,8.374,Rigaud,Rigaud_2020-08-03,August,2020,August 2020,8.402375
2020-08-04,8.433,Rigaud,Rigaud_2020-08-04,August,2020,August 2020,8.46025
2020-08-05,8.491,Rigaud,Rigaud_2020-08-05,August,2020,August 2020,8.51854166666667
2020-08-06,8.548,Rigaud,Rigaud_2020-08-06,August,2020,August 2020,8.57708333333333
2020-08-07,8.608,Rigaud,Rigaud_2020-08-07,August,2020,August 2020,8.636125
2020-08-08,8.666,Rigaud,Rigaud_2020-08-08,August,2020,August 2020,8.69495833333333
2020-08-09,8.725,Rigaud,Rigaud_2020-08-09,August,2020,August 2020,8.7535
2020-08-10,8.784,Rigaud,Rigaud_2020-08-10,August,2020,August 2020,8.81166666666667
2020-08-11,8.842,Rigaud,Rigaud_2020-08-11,August,2020,August 2020,8.86966666666667
2020-08-12,8.899,Rigaud,Rigaud_2020-08-12,August,2020,August 2020,8.92704166666667
2020-08-13,8.956,Rigaud,Rigaud_2020-08-13,August,2020,August 2020,8.98391666666667
2020-08-14,9.013,Rigaud,Rigaud_2020-08-14,August,2020,August 2020,9.04004166666667
2020-08-15,9.069,Rigaud,Rigaud_2020-08-15,August,2020,August 2020,9.09525
2020-08-16,9.123,Rigaud,Rigaud_2020-08-16,August,2020,August 2020,9.149375
2020-08-17,9.177,Rigaud,Rigaud_2020-08-17,August,2020,August 2020,9.21156521739131
2020-08-18,9.235,Rigaud,Rigaud_2020-08-18,August,2020,August 2020,9.25829166666667
2020-08-19,9.285,Rigaud,Rigaud_2020-08-19,August,2020,August 2020,9.30954166666667
2020-08-20,9.335,Rigaud,Rigaud_2020-08-20,August,2020,August 2020,9.359875
2020-08-21,9.386,Rigaud,Rigaud_2020-08-21,August,2020,August 2020,9.41045833333333
2020-08-22,9.436,Rigaud,Rigaud_2020-08-22,August,2020,August 2020,9.46033333333333
2020-08-23,9.486,Rigaud,Rigaud_2020-08-23,August,2020,August 2020,9.50991666666667
2020-08-24,9.535,Rigaud,Rigaud_2020-08-24,August,2020,August 2020,9.5575
2020-08-25,9.581,Rigaud,Rigaud_2020-08-25,August,2020,August 2020,9.603875
2020-08-26,9.628,Rigaud,Rigaud_2020-08-26,August,2020,August 2020,9.65008333333333
2020-08-27,9.673,Rigaud,Rigaud_2020-08-27,August,2020,August 2020,9.696
2020-08-28,9.719,Rigaud,Rigaud_2020-08-28,August,2020,August 2020,9.74175
2020-08-29,9.764,Rigaud,Rigaud_2020-08-29,August,2020,August 2020,9.78508333333333
2020-08-30,9.807,Rigaud,Rigaud_2020-08-30,August,2020,August 2020,9.82925
2020-08-31,9.853,Rigaud,Rigaud_2020-08-31,August,2020,August 2020,9.87495833333333
2020-08-01,6.413,Saint-Lazare,Saint-Lazare_2020-08-01,August,2020,August 2020,6.41470833333333
2020-08-02,6.417,Saint-Lazare,Saint-Lazare_2020-08-02,August,2020,August 2020,6.41859090909091
2020-08-03,6.42,Saint-Lazare,Saint-Lazare_2020-08-03,August,2020,August 2020,6.42175
2020-08-04,6.424,Saint-Lazare,Saint-Lazare_2020-08-04,August,2020,August 2020,6.42545833333333
2020-08-05,6.428,Saint-Lazare,Saint-Lazare_2020-08-05,August,2020,August 2020,6.42940909090909
2020-08-06,6.432,Saint-Lazare,Saint-Lazare_2020-08-06,August,2020,August 2020,6.432875
2020-08-07,6.435,Saint-Lazare,Saint-Lazare_2020-08-07,August,2020,August 2020,6.43673913043478
2020-08-08,6.438,Saint-Lazare,Saint-Lazare_2020-08-08,August,2020,August 2020,6.44025
2020-08-09,6.442,Saint-Lazare,Saint-Lazare_2020-08-09,August,2020,August 2020,6.44420833333333
2020-08-10,6.446,Saint-Lazare,Saint-Lazare_2020-08-10,August,2020,August 2020,6.44791666666667
2020-08-11,6.45,Saint-Lazare,Saint-Lazare_2020-08-11,August,2020,August 2020,6.45191666666667
2020-08-12,6.454,Saint-Lazare,Saint-Lazare_2020-08-12,August,2020,August 2020,6.45583333333333
2020-08-13,6.459,Saint-Lazare,Saint-Lazare_2020-08-13,August,2020,August 2020,6.45991666666667
2020-08-14,6.463,Saint-Lazare,Saint-Lazare_2020-08-14,August,2020,August 2020,6.464
2020-08-15,6.466,Saint-Lazare,Saint-Lazare_2020-08-15,August,2020,August 2020,6.468
2020-08-16,6.47,Saint-Lazare,Saint-Lazare_2020-08-16,August,2020,August 2020,6.472125
2020-08-17,6.474,Saint-Lazare,Saint-Lazare_2020-08-17,August,2020,August 2020,6.47757142857143
2020-08-18,6.479,Saint-Lazare,Saint-Lazare_2020-08-18,August,2020,August 2020,6.48120833333333
2020-08-19,6.483,Saint-Lazare,Saint-Lazare_2020-08-19,August,2020,August 2020,6.485125
2020-08-20,6.487,Saint-Lazare,Saint-Lazare_2020-08-20,August,2020,August 2020,6.48954166666667
2020-08-21,6.491,Saint-Lazare,Saint-Lazare_2020-08-21,August,2020,August 2020,6.49379166666667
2020-08-22,6.496,Saint-Lazare,Saint-Lazare_2020-08-22,August,2020,August 2020,6.49829166666667
2020-08-23,6.501,Saint-Lazare,Saint-Lazare_2020-08-23,August,2020,August 2020,6.50279166666667
2020-08-24,6.505,Saint-Lazare,Saint-Lazare_2020-08-24,August,2020,August 2020,6.507375
2020-08-25,6.51,Saint-Lazare,Saint-Lazare_2020-08-25,August,2020,August 2020,6.51220833333333
2020-08-26,6.515,Saint-Lazare,Saint-Lazare_2020-08-26,August,2020,August 2020,6.51679166666667
2020-08-27,6.519,Saint-Lazare,Saint-Lazare_2020-08-27,August,2020,August 2020,6.52145833333333
2020-08-28,6.524,Saint-Lazare,Saint-Lazare_2020-08-28,August,2020,August 2020,6.526375
2020-08-29,6.529,Saint-Lazare,Saint-Lazare_2020-08-29,August,2020,August 2020,6.53120833333333
2020-08-30,6.534,Saint-Lazare,Saint-Lazare_2020-08-30,August,2020,August 2020,6.536125
2020-08-31,6.539,Saint-Lazare,Saint-Lazare_2020-08-31,August,2020,August 2020,6.54116666666667
